{
  "address": "Fg6PaFpoGXkYsidMpWTK6W2BeZ7FEfcYkg476zPFsLnS",
  "metadata": {
    "name": "rwa_oracle",
    "version": "1.0.0",
    "spec": "0.1.0",
    "description": "Generated by AssetRail Smart Contract Generator"
  },
  "instructions": [
    {
      "name": "initialize_funding_rate",
      "docs": [
        "Initialize a funding rate account for a symbol"
      ],
      "discriminator": [
        134,
        62,
        156,
        41,
        5,
        160,
        230,
        242
      ],
      "accounts": [
        {
          "name": "funding_rate",
          "writable": true,
          "pda": {
            "seeds": [
              {
                "kind": "const",
                "value": [
                  102,
                  117,
                  110,
                  100,
                  105,
                  110,
                  103,
                  95,
                  114,
                  97,
                  116,
                  101
                ]
              },
              {
                "kind": "arg",
                "path": "symbol"
              }
            ]
          }
        },
        {
          "name": "authority",
          "writable": true,
          "signer": true
        },
        {
          "name": "system_program",
          "address": "11111111111111111111111111111111"
        }
      ],
      "args": [
        {
          "name": "symbol",
          "type": "string"
        }
      ]
    },
    {
      "name": "update_funding_rate",
      "docs": [
        "Update funding rate for a symbol"
      ],
      "discriminator": [
        201,
        178,
        116,
        212,
        166,
        144,
        72,
        238
      ],
      "accounts": [
        {
          "name": "funding_rate",
          "writable": true,
          "pda": {
            "seeds": [
              {
                "kind": "const",
                "value": [
                  102,
                  117,
                  110,
                  100,
                  105,
                  110,
                  103,
                  95,
                  114,
                  97,
                  116,
                  101
                ]
              },
              {
                "kind": "account",
                "path": "funding_rate.symbol",
                "account": "FundingRate"
              }
            ]
          }
        },
        {
          "name": "authority",
          "signer": true
        }
      ],
      "args": [
        {
          "name": "rate",
          "type": "i64"
        },
        {
          "name": "hourly_rate",
          "type": "i64"
        },
        {
          "name": "mark_price",
          "type": "u64"
        },
        {
          "name": "spot_price",
          "type": "u64"
        },
        {
          "name": "premium",
          "type": "i64"
        },
        {
          "name": "valid_until",
          "type": "i64"
        }
      ]
    }
  ],
  "accounts": [
    {
      "name": "FundingRate",
      "discriminator": [
        219,
        202,
        189,
        164,
        180,
        218,
        249,
        172
      ]
    }
  ],
  "errors": [
    {
      "code": 6000,
      "name": "Unauthorized",
      "msg": "Unauthorized"
    }
  ],
  "types": [
    {
      "name": "FundingRate",
      "type": {
        "kind": "struct",
        "fields": [
          {
            "name": "symbol",
            "type": "string"
          },
          {
            "name": "authority",
            "type": "pubkey"
          },
          {
            "name": "rate",
            "type": "i64"
          },
          {
            "name": "hourly_rate",
            "type": "i64"
          },
          {
            "name": "mark_price",
            "type": "u64"
          },
          {
            "name": "spot_price",
            "type": "u64"
          },
          {
            "name": "premium",
            "type": "i64"
          },
          {
            "name": "last_updated",
            "type": "i64"
          },
          {
            "name": "valid_until",
            "type": "i64"
          },
          {
            "name": "bump",
            "type": "u8"
          }
        ]
      }
    }
  ]
}